"","Cell_Type3","Cell_Type2","Cell_Type1","Cell_Type4"
"Cell1",1,0,0,0
"Cell2",0,1,0,0
"Cell3",1,0,0,0
"Cell4",0,0,1,0
"Cell5",0,1,0,0
"Cell6",0,0,0,1
"Cell7",0,1,0,0
"Cell8",0,0,1,0
"Cell9",0,0,0,1
"Cell10",0,0,0,1
"Cell11",1,0,0,0
"Cell12",0,1,0,0
"Cell13",1,0,0,0
"Cell14",0,0,0,1
"Cell15",0,0,0,1
"Cell16",0,0,0,1
"Cell17",0,0,0,1
"Cell18",0,0,1,0
"Cell19",0,0,1,0
"Cell20",0,0,0,1
"Cell21",0,1,0,0
"Cell22",0,1,0,0
"Cell23",0,1,0,0
"Cell24",0,0,0,1
"Cell25",1,0,0,0
"Cell26",0,0,1,0
"Cell27",1,0,0,0
"Cell28",0,0,0,1
"Cell29",0,0,1,0
"Cell30",0,0,0,1
"Cell31",0,1,0,0
"Cell32",0,0,0,1
"Cell33",0,1,0,0
"Cell34",0,0,1,0
"Cell35",0,1,0,0
"Cell36",0,1,0,0
"Cell37",0,1,0,0
"Cell38",1,0,0,0
"Cell39",0,0,0,1
"Cell40",1,0,0,0
"Cell41",0,1,0,0
"Cell42",0,0,0,1
"Cell43",1,0,0,0
"Cell44",0,0,0,1
"Cell45",1,0,0,0
"Cell46",1,0,0,0
"Cell47",0,0,0,1
"Cell48",0,0,0,1
"Cell49",0,1,0,0
"Cell50",0,0,1,0
"Cell51",0,1,0,0
"Cell52",0,0,1,0
"Cell53",0,1,0,0
"Cell54",0,0,0,1
"Cell55",0,1,0,0
"Cell56",0,0,0,1
"Cell57",0,0,0,1
"Cell58",0,0,1,0
"Cell59",1,0,0,0
"Cell60",0,1,0,0
"Cell61",0,0,0,1
"Cell62",0,0,0,1
"Cell63",0,0,0,1
"Cell64",0,0,0,1
"Cell65",0,1,0,0
"Cell66",0,1,0,0
"Cell67",0,1,0,0
"Cell68",0,0,0,1
"Cell69",0,0,0,1
"Cell70",0,0,1,0
"Cell71",0,0,1,0
"Cell72",0,0,0,1
"Cell73",1,0,0,0
"Cell74",0,1,0,0
"Cell75",0,1,0,0
"Cell76",0,1,0,0
"Cell77",0,0,0,1
"Cell78",0,1,0,0
"Cell79",0,0,0,1
"Cell80",0,0,1,0
"Cell81",0,1,0,0
"Cell82",0,1,0,0
"Cell83",0,1,0,0
"Cell84",1,0,0,0
"Cell85",1,0,0,0
"Cell86",0,1,0,0
"Cell87",0,0,0,1
"Cell88",0,1,0,0
"Cell89",0,1,0,0
"Cell90",1,0,0,0
"Cell91",0,1,0,0
"Cell92",1,0,0,0
"Cell93",1,0,0,0
"Cell94",0,0,0,1
"Cell95",0,1,0,0
"Cell96",0,1,0,0
"Cell97",0,0,0,1
"Cell98",0,0,1,0
"Cell99",0,0,0,1
"Cell100",0,0,0,1
"Cell101",1,0,0,0
"Cell102",0,0,1,0
"Cell103",0,0,1,0
"Cell104",0,1,0,0
"Cell105",0,0,0,1
"Cell106",0,0,0,1
"Cell107",1,0,0,0
"Cell108",1,0,0,0
"Cell109",0,0,1,0
"Cell110",0,0,0,1
"Cell111",0,1,0,0
"Cell112",0,0,1,0
"Cell113",0,1,0,0
"Cell114",0,0,0,1
"Cell115",0,1,0,0
"Cell116",1,0,0,0
"Cell117",0,0,0,1
"Cell118",1,0,0,0
"Cell119",0,0,0,1
"Cell120",0,0,0,1
"Cell121",0,0,1,0
"Cell122",0,0,0,1
"Cell123",0,1,0,0
"Cell124",0,0,1,0
"Cell125",1,0,0,0
"Cell126",1,0,0,0
"Cell127",0,0,0,1
"Cell128",0,0,0,1
"Cell129",0,1,0,0
"Cell130",0,0,0,1
"Cell131",0,0,0,1
"Cell132",0,0,0,1
"Cell133",1,0,0,0
"Cell134",0,0,1,0
"Cell135",0,0,0,1
"Cell136",0,0,0,1
"Cell137",1,0,0,0
"Cell138",0,0,1,0
"Cell139",0,0,1,0
"Cell140",1,0,0,0
"Cell141",0,0,1,0
"Cell142",0,1,0,0
"Cell143",1,0,0,0
"Cell144",0,1,0,0
"Cell145",0,0,0,1
"Cell146",0,0,1,0
"Cell147",0,1,0,0
"Cell148",1,0,0,0
"Cell149",1,0,0,0
"Cell150",0,1,0,0
"Cell151",1,0,0,0
"Cell152",1,0,0,0
"Cell153",0,0,0,1
"Cell154",0,0,0,1
"Cell155",1,0,0,0
"Cell156",0,0,0,1
"Cell157",0,1,0,0
"Cell158",1,0,0,0
"Cell159",0,0,1,0
"Cell160",0,0,0,1
"Cell161",0,0,1,0
"Cell162",0,1,0,0
"Cell163",1,0,0,0
"Cell164",0,0,0,1
"Cell165",0,1,0,0
"Cell166",0,1,0,0
"Cell167",1,0,0,0
"Cell168",0,1,0,0
"Cell169",0,1,0,0
"Cell170",1,0,0,0
"Cell171",0,0,0,1
"Cell172",0,0,0,1
"Cell173",0,0,1,0
"Cell174",0,0,0,1
"Cell175",0,0,1,0
"Cell176",1,0,0,0
"Cell177",0,1,0,0
"Cell178",0,1,0,0
"Cell179",1,0,0,0
"Cell180",0,1,0,0
"Cell181",0,0,0,1
"Cell182",0,0,1,0
"Cell183",1,0,0,0
"Cell184",0,0,0,1
"Cell185",0,1,0,0
"Cell186",0,1,0,0
"Cell187",0,1,0,0
"Cell188",0,0,0,1
"Cell189",0,0,0,1
"Cell190",1,0,0,0
"Cell191",0,0,0,1
"Cell192",1,0,0,0
"Cell193",0,0,0,1
"Cell194",1,0,0,0
"Cell195",1,0,0,0
"Cell196",0,1,0,0
"Cell197",0,0,1,0
"Cell198",1,0,0,0
"Cell199",1,0,0,0
"Cell200",0,0,0,1
"Cell201",0,0,0,1
"Cell202",1,0,0,0
"Cell203",0,0,1,0
"Cell204",1,0,0,0
"Cell205",0,1,0,0
"Cell206",0,0,1,0
"Cell207",0,0,0,1
"Cell208",0,1,0,0
"Cell209",0,0,0,1
"Cell210",0,1,0,0
"Cell211",0,0,1,0
"Cell212",1,0,0,0
"Cell213",1,0,0,0
"Cell214",1,0,0,0
"Cell215",0,0,1,0
"Cell216",0,0,1,0
"Cell217",0,0,0,1
"Cell218",1,0,0,0
"Cell219",1,0,0,0
"Cell220",1,0,0,0
"Cell221",0,0,1,0
"Cell222",0,1,0,0
"Cell223",0,1,0,0
"Cell224",0,1,0,0
"Cell225",0,1,0,0
"Cell226",0,0,1,0
"Cell227",0,1,0,0
"Cell228",0,1,0,0
"Cell229",0,0,0,1
"Cell230",0,0,0,1
"Cell231",0,0,1,0
"Cell232",0,0,0,1
"Cell233",0,0,0,1
"Cell234",0,1,0,0
"Cell235",1,0,0,0
"Cell236",0,0,0,1
"Cell237",0,0,0,1
"Cell238",1,0,0,0
"Cell239",0,0,0,1
"Cell240",0,0,1,0
"Cell241",0,0,0,1
"Cell242",0,0,1,0
"Cell243",0,1,0,0
"Cell244",1,0,0,0
"Cell245",1,0,0,0
"Cell246",0,0,0,1
"Cell247",0,0,0,1
"Cell248",0,0,1,0
"Cell249",0,1,0,0
"Cell250",0,0,1,0
"Cell251",0,0,0,1
"Cell252",0,1,0,0
"Cell253",0,0,0,1
"Cell254",0,0,1,0
"Cell255",0,0,1,0
"Cell256",1,0,0,0
"Cell257",0,0,1,0
"Cell258",1,0,0,0
"Cell259",1,0,0,0
"Cell260",0,1,0,0
"Cell261",0,0,1,0
"Cell262",0,0,1,0
"Cell263",0,0,0,1
"Cell264",1,0,0,0
"Cell265",0,0,0,1
"Cell266",1,0,0,0
"Cell267",0,1,0,0
"Cell268",1,0,0,0
"Cell269",1,0,0,0
"Cell270",1,0,0,0
"Cell271",0,0,1,0
"Cell272",0,1,0,0
"Cell273",0,1,0,0
"Cell274",1,0,0,0
"Cell275",0,0,0,1
"Cell276",0,1,0,0
"Cell277",0,0,1,0
"Cell278",0,0,0,1
"Cell279",0,0,1,0
"Cell280",0,1,0,0
"Cell281",0,0,0,1
"Cell282",0,0,0,1
"Cell283",0,1,0,0
"Cell284",0,0,1,0
"Cell285",0,1,0,0
"Cell286",0,0,0,1
"Cell287",0,0,1,0
"Cell288",0,1,0,0
"Cell289",0,0,1,0
"Cell290",0,0,0,1
"Cell291",1,0,0,0
"Cell292",0,0,1,0
"Cell293",0,0,1,0
"Cell294",0,0,0,1
"Cell295",0,0,0,1
"Cell296",1,0,0,0
"Cell297",0,0,1,0
"Cell298",0,0,0,1
"Cell299",0,0,0,1
"Cell300",0,1,0,0
"Cell301",1,0,0,0
"Cell302",0,0,0,1
"Cell303",0,0,1,0
"Cell304",0,0,0,1
"Cell305",0,0,1,0
"Cell306",0,1,0,0
"Cell307",0,0,0,1
"Cell308",0,1,0,0
"Cell309",0,0,0,1
"Cell310",1,0,0,0
"Cell311",1,0,0,0
"Cell312",0,1,0,0
"Cell313",0,0,0,1
"Cell314",1,0,0,0
"Cell315",0,0,0,1
"Cell316",0,0,0,1
"Cell317",0,0,1,0
"Cell318",0,0,1,0
"Cell319",0,0,0,1
"Cell320",0,0,0,1
"Cell321",0,1,0,0
"Cell322",1,0,0,0
"Cell323",0,0,0,1
"Cell324",1,0,0,0
"Cell325",0,0,1,0
"Cell326",0,0,1,0
"Cell327",0,0,0,1
"Cell328",0,0,0,1
"Cell329",0,1,0,0
"Cell330",0,0,1,0
"Cell331",0,0,1,0
"Cell332",0,0,0,1
"Cell333",1,0,0,0
"Cell334",1,0,0,0
"Cell335",1,0,0,0
"Cell336",0,0,1,0
"Cell337",1,0,0,0
"Cell338",1,0,0,0
"Cell339",1,0,0,0
"Cell340",0,0,0,1
"Cell341",0,0,0,1
"Cell342",0,0,0,1
"Cell343",1,0,0,0
"Cell344",0,0,0,1
"Cell345",0,0,0,1
"Cell346",0,0,1,0
"Cell347",0,0,1,0
"Cell348",0,0,1,0
"Cell349",0,1,0,0
"Cell350",1,0,0,0
"Cell351",0,0,1,0
"Cell352",0,0,0,1
"Cell353",0,0,0,1
"Cell354",0,0,1,0
"Cell355",0,1,0,0
"Cell356",0,0,1,0
"Cell357",0,1,0,0
"Cell358",0,0,1,0
"Cell359",0,1,0,0
"Cell360",1,0,0,0
"Cell361",1,0,0,0
"Cell362",0,0,0,1
"Cell363",0,1,0,0
"Cell364",0,0,0,1
"Cell365",1,0,0,0
"Cell366",0,0,1,0
"Cell367",0,0,1,0
"Cell368",0,0,0,1
"Cell369",0,0,0,1
"Cell370",1,0,0,0
"Cell371",1,0,0,0
"Cell372",1,0,0,0
"Cell373",1,0,0,0
"Cell374",1,0,0,0
"Cell375",0,1,0,0
"Cell376",0,0,1,0
"Cell377",1,0,0,0
"Cell378",0,1,0,0
"Cell379",0,1,0,0
"Cell380",0,0,0,1
"Cell381",0,0,0,1
"Cell382",0,0,0,1
"Cell383",0,0,0,1
"Cell384",1,0,0,0
"Cell385",0,0,1,0
"Cell386",1,0,0,0
"Cell387",0,0,1,0
"Cell388",0,0,1,0
"Cell389",0,0,0,1
"Cell390",1,0,0,0
"Cell391",0,1,0,0
"Cell392",1,0,0,0
"Cell393",0,1,0,0
"Cell394",0,0,0,1
"Cell395",0,0,1,0
"Cell396",0,1,0,0
"Cell397",1,0,0,0
"Cell398",0,0,1,0
"Cell399",0,0,0,1
"Cell400",0,1,0,0
"Cell401",0,1,0,0
"Cell402",0,0,1,0
"Cell403",0,0,1,0
"Cell404",1,0,0,0
"Cell405",0,1,0,0
"Cell406",0,0,0,1
"Cell407",0,0,0,1
"Cell408",0,1,0,0
"Cell409",0,0,1,0
"Cell410",1,0,0,0
"Cell411",0,1,0,0
"Cell412",0,0,1,0
"Cell413",1,0,0,0
"Cell414",1,0,0,0
"Cell415",0,1,0,0
"Cell416",0,0,1,0
"Cell417",1,0,0,0
"Cell418",1,0,0,0
"Cell419",0,1,0,0
"Cell420",0,1,0,0
"Cell421",0,0,1,0
"Cell422",0,0,1,0
"Cell423",0,0,0,1
"Cell424",1,0,0,0
"Cell425",0,0,1,0
"Cell426",0,0,0,1
"Cell427",0,1,0,0
"Cell428",1,0,0,0
"Cell429",1,0,0,0
"Cell430",0,1,0,0
"Cell431",0,0,1,0
"Cell432",0,0,1,0
"Cell433",0,0,1,0
"Cell434",0,1,0,0
"Cell435",0,0,0,1
"Cell436",0,0,1,0
"Cell437",1,0,0,0
"Cell438",0,0,1,0
"Cell439",0,0,1,0
"Cell440",0,1,0,0
"Cell441",0,0,0,1
"Cell442",0,0,0,1
"Cell443",1,0,0,0
"Cell444",0,0,0,1
"Cell445",0,0,0,1
"Cell446",0,0,0,1
"Cell447",1,0,0,0
"Cell448",0,0,1,0
"Cell449",0,0,0,1
"Cell450",0,0,1,0
"Cell451",0,0,0,1
"Cell452",0,0,0,1
"Cell453",1,0,0,0
"Cell454",0,1,0,0
"Cell455",0,1,0,0
"Cell456",0,0,1,0
"Cell457",0,0,1,0
"Cell458",0,1,0,0
"Cell459",1,0,0,0
"Cell460",0,0,1,0
"Cell461",1,0,0,0
"Cell462",1,0,0,0
"Cell463",1,0,0,0
"Cell464",0,0,1,0
"Cell465",0,0,0,1
"Cell466",0,1,0,0
"Cell467",0,0,0,1
"Cell468",0,1,0,0
"Cell469",0,1,0,0
"Cell470",1,0,0,0
"Cell471",0,0,0,1
"Cell472",0,0,1,0
"Cell473",0,1,0,0
"Cell474",0,0,0,1
"Cell475",1,0,0,0
"Cell476",0,0,1,0
"Cell477",0,0,0,1
"Cell478",0,0,1,0
"Cell479",0,0,0,1
"Cell480",0,1,0,0
"Cell481",1,0,0,0
"Cell482",0,0,0,1
"Cell483",0,0,0,1
"Cell484",0,0,1,0
"Cell485",0,0,0,1
"Cell486",0,0,0,1
"Cell487",0,0,1,0
"Cell488",1,0,0,0
"Cell489",1,0,0,0
"Cell490",0,0,1,0
"Cell491",0,1,0,0
"Cell492",1,0,0,0
"Cell493",0,0,0,1
"Cell494",0,1,0,0
"Cell495",0,0,1,0
"Cell496",0,0,1,0
"Cell497",1,0,0,0
"Cell498",0,0,0,1
"Cell499",0,0,1,0
"Cell500",0,1,0,0
"Cell501",1,0,0,0
"Cell502",0,0,0,1
"Cell503",0,0,1,0
"Cell504",0,1,0,0
"Cell505",0,0,1,0
"Cell506",0,0,0,1
"Cell507",0,1,0,0
"Cell508",0,1,0,0
"Cell509",0,0,1,0
"Cell510",1,0,0,0
"Cell511",0,0,1,0
"Cell512",0,0,1,0
"Cell513",0,0,0,1
"Cell514",0,1,0,0
"Cell515",0,0,1,0
"Cell516",0,1,0,0
"Cell517",0,1,0,0
"Cell518",0,1,0,0
"Cell519",0,0,0,1
"Cell520",0,0,0,1
"Cell521",1,0,0,0
"Cell522",0,0,0,1
"Cell523",1,0,0,0
"Cell524",0,1,0,0
"Cell525",0,0,0,1
"Cell526",1,0,0,0
"Cell527",1,0,0,0
"Cell528",1,0,0,0
"Cell529",0,0,0,1
"Cell530",0,0,1,0
"Cell531",0,0,1,0
"Cell532",1,0,0,0
"Cell533",1,0,0,0
"Cell534",0,0,1,0
"Cell535",0,0,1,0
"Cell536",0,0,0,1
"Cell537",0,1,0,0
"Cell538",0,0,1,0
"Cell539",0,0,0,1
"Cell540",1,0,0,0
"Cell541",1,0,0,0
"Cell542",0,0,1,0
"Cell543",0,0,0,1
"Cell544",0,1,0,0
"Cell545",0,0,0,1
"Cell546",0,0,1,0
"Cell547",1,0,0,0
"Cell548",1,0,0,0
"Cell549",0,0,1,0
"Cell550",0,0,1,0
"Cell551",1,0,0,0
"Cell552",1,0,0,0
"Cell553",0,0,1,0
"Cell554",1,0,0,0
"Cell555",0,0,1,0
"Cell556",1,0,0,0
"Cell557",0,1,0,0
"Cell558",0,1,0,0
"Cell559",1,0,0,0
"Cell560",0,1,0,0
"Cell561",0,1,0,0
"Cell562",0,1,0,0
"Cell563",0,1,0,0
"Cell564",0,0,0,1
"Cell565",1,0,0,0
"Cell566",0,1,0,0
"Cell567",0,0,0,1
"Cell568",0,1,0,0
"Cell569",0,0,1,0
"Cell570",0,1,0,0
"Cell571",1,0,0,0
"Cell572",0,1,0,0
"Cell573",0,0,0,1
"Cell574",0,1,0,0
"Cell575",0,0,0,1
"Cell576",0,1,0,0
"Cell577",0,0,1,0
"Cell578",0,0,0,1
"Cell579",1,0,0,0
"Cell580",0,0,1,0
"Cell581",0,0,1,0
"Cell582",1,0,0,0
"Cell583",0,1,0,0
"Cell584",0,0,0,1
"Cell585",0,0,1,0
"Cell586",1,0,0,0
"Cell587",0,0,1,0
"Cell588",0,1,0,0
"Cell589",0,0,0,1
"Cell590",0,0,0,1
"Cell591",1,0,0,0
"Cell592",0,1,0,0
"Cell593",0,0,1,0
"Cell594",1,0,0,0
"Cell595",0,0,1,0
"Cell596",0,0,1,0
"Cell597",0,0,0,1
"Cell598",0,0,0,1
"Cell599",1,0,0,0
"Cell600",0,0,1,0
"Cell601",1,0,0,0
"Cell602",1,0,0,0
"Cell603",0,1,0,0
"Cell604",0,1,0,0
"Cell605",1,0,0,0
"Cell606",0,0,0,1
"Cell607",0,0,1,0
"Cell608",0,0,1,0
"Cell609",1,0,0,0
"Cell610",0,1,0,0
"Cell611",0,1,0,0
"Cell612",0,0,1,0
"Cell613",0,1,0,0
"Cell614",0,0,1,0
"Cell615",0,1,0,0
"Cell616",0,0,1,0
"Cell617",0,1,0,0
"Cell618",0,0,1,0
"Cell619",0,1,0,0
"Cell620",1,0,0,0
"Cell621",1,0,0,0
"Cell622",0,1,0,0
"Cell623",0,0,1,0
"Cell624",0,0,0,1
"Cell625",0,0,1,0
"Cell626",0,0,0,1
"Cell627",0,0,1,0
"Cell628",1,0,0,0
"Cell629",1,0,0,0
"Cell630",0,0,1,0
"Cell631",0,0,1,0
"Cell632",0,1,0,0
"Cell633",0,0,1,0
"Cell634",0,1,0,0
"Cell635",1,0,0,0
"Cell636",1,0,0,0
"Cell637",0,1,0,0
"Cell638",0,0,1,0
"Cell639",0,0,0,1
"Cell640",0,1,0,0
"Cell641",0,0,0,1
"Cell642",0,0,1,0
"Cell643",0,1,0,0
"Cell644",1,0,0,0
"Cell645",0,0,1,0
"Cell646",0,0,1,0
"Cell647",0,0,0,1
"Cell648",0,0,0,1
"Cell649",0,1,0,0
"Cell650",1,0,0,0
"Cell651",1,0,0,0
"Cell652",0,1,0,0
"Cell653",0,1,0,0
"Cell654",0,0,1,0
"Cell655",0,0,1,0
"Cell656",0,0,0,1
"Cell657",1,0,0,0
"Cell658",0,0,0,1
"Cell659",0,0,0,1
"Cell660",0,1,0,0
"Cell661",0,0,0,1
"Cell662",0,0,0,1
"Cell663",0,0,0,1
"Cell664",1,0,0,0
"Cell665",0,1,0,0
"Cell666",0,1,0,0
"Cell667",1,0,0,0
"Cell668",1,0,0,0
"Cell669",0,0,0,1
"Cell670",1,0,0,0
"Cell671",1,0,0,0
"Cell672",0,0,0,1
"Cell673",0,1,0,0
"Cell674",1,0,0,0
"Cell675",1,0,0,0
"Cell676",1,0,0,0
"Cell677",1,0,0,0
"Cell678",1,0,0,0
"Cell679",1,0,0,0
"Cell680",1,0,0,0
"Cell681",0,0,0,1
"Cell682",0,1,0,0
"Cell683",0,1,0,0
"Cell684",1,0,0,0
"Cell685",0,1,0,0
"Cell686",0,1,0,0
"Cell687",1,0,0,0
"Cell688",0,0,0,1
"Cell689",1,0,0,0
"Cell690",0,0,1,0
"Cell691",0,1,0,0
"Cell692",0,0,1,0
"Cell693",0,0,1,0
"Cell694",0,1,0,0
"Cell695",1,0,0,0
"Cell696",0,1,0,0
"Cell697",0,0,0,1
"Cell698",1,0,0,0
"Cell699",0,1,0,0
"Cell700",1,0,0,0
"Cell701",0,0,0,1
"Cell702",0,0,0,1
"Cell703",0,0,1,0
"Cell704",0,0,0,1
"Cell705",0,0,1,0
"Cell706",0,1,0,0
"Cell707",1,0,0,0
"Cell708",0,0,1,0
"Cell709",0,1,0,0
"Cell710",0,0,0,1
"Cell711",0,0,0,1
"Cell712",1,0,0,0
"Cell713",1,0,0,0
"Cell714",0,0,1,0
"Cell715",0,0,0,1
"Cell716",0,0,1,0
"Cell717",1,0,0,0
"Cell718",0,0,0,1
"Cell719",0,1,0,0
"Cell720",0,1,0,0
"Cell721",1,0,0,0
"Cell722",0,0,0,1
"Cell723",0,0,0,1
"Cell724",0,0,0,1
"Cell725",1,0,0,0
"Cell726",0,1,0,0
"Cell727",0,0,0,1
"Cell728",0,1,0,0
"Cell729",0,0,1,0
"Cell730",1,0,0,0
"Cell731",0,0,1,0
"Cell732",1,0,0,0
"Cell733",1,0,0,0
"Cell734",0,0,1,0
"Cell735",1,0,0,0
"Cell736",0,0,1,0
"Cell737",1,0,0,0
"Cell738",0,1,0,0
"Cell739",0,1,0,0
"Cell740",1,0,0,0
"Cell741",1,0,0,0
"Cell742",0,1,0,0
"Cell743",1,0,0,0
"Cell744",0,0,0,1
"Cell745",0,0,0,1
"Cell746",0,0,1,0
"Cell747",0,1,0,0
"Cell748",0,1,0,0
"Cell749",0,0,1,0
"Cell750",0,0,1,0
"Cell751",0,0,1,0
"Cell752",0,0,1,0
"Cell753",1,0,0,0
"Cell754",0,0,0,1
"Cell755",0,0,0,1
"Cell756",1,0,0,0
"Cell757",0,1,0,0
"Cell758",0,0,1,0
"Cell759",0,0,0,1
"Cell760",1,0,0,0
"Cell761",0,0,0,1
"Cell762",0,1,0,0
"Cell763",0,1,0,0
"Cell764",1,0,0,0
"Cell765",1,0,0,0
"Cell766",1,0,0,0
"Cell767",1,0,0,0
"Cell768",0,1,0,0
"Cell769",0,0,0,1
"Cell770",1,0,0,0
"Cell771",0,0,1,0
"Cell772",1,0,0,0
"Cell773",1,0,0,0
"Cell774",0,0,1,0
"Cell775",0,0,0,1
"Cell776",1,0,0,0
"Cell777",1,0,0,0
"Cell778",0,1,0,0
"Cell779",0,0,0,1
"Cell780",0,1,0,0
"Cell781",0,0,1,0
"Cell782",1,0,0,0
"Cell783",0,0,1,0
"Cell784",0,0,0,1
"Cell785",1,0,0,0
"Cell786",0,1,0,0
"Cell787",0,1,0,0
"Cell788",1,0,0,0
"Cell789",0,0,0,1
"Cell790",1,0,0,0
"Cell791",1,0,0,0
"Cell792",0,0,1,0
"Cell793",0,0,0,1
"Cell794",0,1,0,0
"Cell795",0,1,0,0
"Cell796",0,0,0,1
"Cell797",0,0,1,0
"Cell798",1,0,0,0
"Cell799",0,0,1,0
"Cell800",0,0,0,1
"Cell801",1,0,0,0
"Cell802",0,0,0,1
"Cell803",1,0,0,0
"Cell804",0,1,0,0
"Cell805",1,0,0,0
"Cell806",0,0,0,1
"Cell807",1,0,0,0
"Cell808",0,0,0,1
"Cell809",0,0,0,1
"Cell810",0,1,0,0
"Cell811",0,1,0,0
"Cell812",0,1,0,0
"Cell813",0,0,0,1
"Cell814",1,0,0,0
"Cell815",0,1,0,0
"Cell816",1,0,0,0
"Cell817",0,0,0,1
"Cell818",0,0,0,1
"Cell819",0,0,1,0
"Cell820",0,0,1,0
"Cell821",0,0,0,1
"Cell822",0,1,0,0
"Cell823",1,0,0,0
"Cell824",0,0,0,1
"Cell825",1,0,0,0
"Cell826",0,0,1,0
"Cell827",0,1,0,0
"Cell828",0,0,0,1
"Cell829",0,0,0,1
"Cell830",0,0,1,0
"Cell831",1,0,0,0
"Cell832",0,0,0,1
"Cell833",0,0,1,0
"Cell834",1,0,0,0
"Cell835",0,1,0,0
"Cell836",1,0,0,0
"Cell837",0,0,0,1
"Cell838",0,0,1,0
"Cell839",1,0,0,0
"Cell840",0,0,0,1
"Cell841",1,0,0,0
"Cell842",0,0,1,0
"Cell843",1,0,0,0
"Cell844",0,0,0,1
"Cell845",0,0,0,1
"Cell846",0,0,1,0
"Cell847",0,0,0,1
"Cell848",0,1,0,0
"Cell849",0,0,1,0
"Cell850",1,0,0,0
"Cell851",0,0,1,0
"Cell852",0,0,1,0
"Cell853",0,0,1,0
"Cell854",0,1,0,0
"Cell855",0,1,0,0
"Cell856",0,1,0,0
"Cell857",0,0,1,0
"Cell858",0,1,0,0
"Cell859",0,0,0,1
"Cell860",0,1,0,0
"Cell861",1,0,0,0
"Cell862",0,0,0,1
"Cell863",1,0,0,0
"Cell864",0,0,1,0
"Cell865",0,0,1,0
"Cell866",0,1,0,0
"Cell867",1,0,0,0
"Cell868",1,0,0,0
"Cell869",0,0,0,1
"Cell870",0,0,1,0
"Cell871",0,0,0,1
"Cell872",0,1,0,0
"Cell873",0,0,0,1
"Cell874",0,0,1,0
"Cell875",0,0,0,1
"Cell876",0,0,0,1
"Cell877",0,0,0,1
"Cell878",1,0,0,0
"Cell879",0,1,0,0
"Cell880",0,0,1,0
"Cell881",0,0,1,0
"Cell882",0,0,1,0
"Cell883",0,1,0,0
"Cell884",0,0,0,1
"Cell885",0,0,0,1
"Cell886",0,0,1,0
"Cell887",0,1,0,0
"Cell888",1,0,0,0
"Cell889",0,0,1,0
"Cell890",0,1,0,0
"Cell891",0,0,1,0
"Cell892",0,0,1,0
"Cell893",0,1,0,0
"Cell894",0,0,1,0
"Cell895",0,0,0,1
"Cell896",0,1,0,0
"Cell897",0,1,0,0
"Cell898",0,1,0,0
"Cell899",0,0,0,1
"Cell900",1,0,0,0
"Cell901",1,0,0,0
"Cell902",0,0,0,1
"Cell903",1,0,0,0
"Cell904",0,0,0,1
"Cell905",0,1,0,0
"Cell906",1,0,0,0
"Cell907",1,0,0,0
"Cell908",0,1,0,0
"Cell909",0,0,1,0
"Cell910",0,1,0,0
"Cell911",0,0,1,0
"Cell912",0,0,1,0
"Cell913",0,0,1,0
"Cell914",1,0,0,0
"Cell915",0,1,0,0
"Cell916",1,0,0,0
"Cell917",0,1,0,0
"Cell918",0,0,0,1
"Cell919",0,1,0,0
"Cell920",1,0,0,0
"Cell921",0,0,0,1
"Cell922",0,1,0,0
"Cell923",0,0,1,0
"Cell924",0,0,1,0
"Cell925",1,0,0,0
"Cell926",0,0,1,0
"Cell927",0,1,0,0
"Cell928",0,0,0,1
"Cell929",0,0,1,0
"Cell930",0,0,1,0
"Cell931",0,0,0,1
"Cell932",0,1,0,0
"Cell933",0,1,0,0
"Cell934",1,0,0,0
"Cell935",0,0,0,1
"Cell936",0,0,0,1
"Cell937",0,1,0,0
"Cell938",1,0,0,0
"Cell939",0,1,0,0
"Cell940",0,0,1,0
"Cell941",0,0,1,0
"Cell942",0,0,1,0
"Cell943",0,0,1,0
"Cell944",0,0,1,0
"Cell945",1,0,0,0
"Cell946",0,1,0,0
"Cell947",0,1,0,0
"Cell948",0,0,1,0
"Cell949",0,0,0,1
"Cell950",0,0,0,1
"Cell951",0,0,1,0
"Cell952",0,0,1,0
"Cell953",0,0,1,0
"Cell954",0,0,1,0
"Cell955",0,0,1,0
"Cell956",0,0,1,0
"Cell957",1,0,0,0
"Cell958",0,0,1,0
"Cell959",0,0,0,1
"Cell960",1,0,0,0
"Cell961",0,0,1,0
"Cell962",0,0,0,1
"Cell963",0,0,0,1
"Cell964",1,0,0,0
"Cell965",0,0,0,1
"Cell966",0,1,0,0
"Cell967",0,0,0,1
"Cell968",0,0,1,0
"Cell969",1,0,0,0
"Cell970",1,0,0,0
"Cell971",0,1,0,0
"Cell972",0,1,0,0
"Cell973",1,0,0,0
"Cell974",0,1,0,0
"Cell975",0,0,1,0
"Cell976",0,1,0,0
"Cell977",0,1,0,0
"Cell978",1,0,0,0
"Cell979",1,0,0,0
"Cell980",0,0,1,0
"Cell981",0,0,1,0
"Cell982",1,0,0,0
"Cell983",0,0,0,1
"Cell984",0,1,0,0
"Cell985",1,0,0,0
"Cell986",1,0,0,0
"Cell987",0,1,0,0
"Cell988",1,0,0,0
"Cell989",0,0,1,0
"Cell990",1,0,0,0
"Cell991",0,0,1,0
"Cell992",1,0,0,0
"Cell993",0,0,0,1
"Cell994",0,0,0,1
"Cell995",0,0,0,1
"Cell996",0,0,0,1
"Cell997",0,1,0,0
"Cell998",1,0,0,0
"Cell999",0,1,0,0
"Cell1000",0,0,1,0
"Cell1001",0,0,0,1
"Cell1002",1,0,0,0
"Cell1003",0,1,0,0
"Cell1004",0,1,0,0
"Cell1005",0,0,1,0
"Cell1006",0,0,1,0
"Cell1007",0,1,0,0
"Cell1008",1,0,0,0
"Cell1009",0,0,1,0
"Cell1010",0,0,1,0
"Cell1011",0,0,0,1
"Cell1012",0,1,0,0
"Cell1013",0,0,0,1
"Cell1014",0,1,0,0
"Cell1015",0,1,0,0
"Cell1016",0,0,0,1
"Cell1017",1,0,0,0
"Cell1018",0,0,0,1
"Cell1019",0,0,1,0
"Cell1020",0,0,0,1
"Cell1021",1,0,0,0
"Cell1022",0,1,0,0
"Cell1023",0,0,0,1
"Cell1024",0,1,0,0
"Cell1025",1,0,0,0
"Cell1026",0,1,0,0
"Cell1027",0,1,0,0
"Cell1028",0,1,0,0
"Cell1029",0,0,0,1
"Cell1030",0,0,0,1
"Cell1031",1,0,0,0
"Cell1032",1,0,0,0
"Cell1033",1,0,0,0
"Cell1034",1,0,0,0
"Cell1035",0,0,1,0
"Cell1036",1,0,0,0
"Cell1037",0,1,0,0
"Cell1038",1,0,0,0
"Cell1039",0,1,0,0
"Cell1040",0,1,0,0
"Cell1041",1,0,0,0
"Cell1042",1,0,0,0
"Cell1043",0,1,0,0
"Cell1044",0,0,1,0
"Cell1045",0,0,1,0
"Cell1046",0,0,1,0
"Cell1047",0,0,1,0
"Cell1048",0,0,1,0
"Cell1049",0,0,0,1
"Cell1050",0,0,1,0
"Cell1051",0,0,0,1
"Cell1052",0,1,0,0
"Cell1053",0,0,1,0
"Cell1054",0,1,0,0
"Cell1055",0,1,0,0
"Cell1056",1,0,0,0
"Cell1057",1,0,0,0
"Cell1058",0,0,0,1
"Cell1059",0,1,0,0
"Cell1060",0,0,0,1
"Cell1061",0,1,0,0
"Cell1062",0,0,1,0
"Cell1063",0,1,0,0
"Cell1064",1,0,0,0
"Cell1065",0,0,0,1
"Cell1066",1,0,0,0
"Cell1067",0,1,0,0
"Cell1068",0,0,1,0
"Cell1069",0,1,0,0
"Cell1070",1,0,0,0
"Cell1071",0,1,0,0
"Cell1072",0,0,1,0
"Cell1073",0,0,1,0
"Cell1074",1,0,0,0
"Cell1075",1,0,0,0
"Cell1076",1,0,0,0
"Cell1077",1,0,0,0
"Cell1078",0,0,1,0
"Cell1079",0,0,0,1
"Cell1080",0,1,0,0
"Cell1081",0,0,1,0
"Cell1082",0,0,1,0
"Cell1083",0,0,0,1
"Cell1084",0,1,0,0
"Cell1085",0,0,0,1
"Cell1086",0,0,1,0
"Cell1087",0,1,0,0
"Cell1088",0,0,0,1
"Cell1089",0,0,0,1
"Cell1090",0,0,1,0
"Cell1091",1,0,0,0
"Cell1092",0,1,0,0
"Cell1093",0,0,0,1
"Cell1094",1,0,0,0
"Cell1095",0,1,0,0
"Cell1096",0,0,1,0
"Cell1097",1,0,0,0
"Cell1098",1,0,0,0
"Cell1099",0,0,0,1
"Cell1100",0,1,0,0
"Cell1101",0,0,0,1
"Cell1102",1,0,0,0
"Cell1103",0,0,1,0
"Cell1104",0,1,0,0
"Cell1105",0,0,1,0
"Cell1106",0,0,1,0
"Cell1107",0,0,1,0
"Cell1108",0,0,0,1
"Cell1109",0,1,0,0
"Cell1110",0,0,1,0
"Cell1111",0,1,0,0
"Cell1112",0,0,0,1
"Cell1113",0,0,1,0
"Cell1114",1,0,0,0
"Cell1115",0,0,0,1
"Cell1116",0,0,0,1
"Cell1117",0,1,0,0
"Cell1118",1,0,0,0
"Cell1119",0,0,1,0
"Cell1120",0,0,0,1
"Cell1121",1,0,0,0
"Cell1122",0,0,0,1
"Cell1123",0,0,1,0
"Cell1124",1,0,0,0
"Cell1125",0,0,0,1
"Cell1126",0,0,1,0
"Cell1127",0,1,0,0
"Cell1128",0,0,1,0
"Cell1129",0,1,0,0
"Cell1130",0,0,0,1
"Cell1131",0,0,0,1
"Cell1132",1,0,0,0
"Cell1133",0,0,1,0
"Cell1134",0,0,1,0
"Cell1135",0,1,0,0
"Cell1136",0,0,0,1
"Cell1137",0,1,0,0
"Cell1138",1,0,0,0
"Cell1139",0,1,0,0
"Cell1140",0,1,0,0
"Cell1141",0,1,0,0
"Cell1142",0,0,1,0
"Cell1143",0,1,0,0
"Cell1144",0,1,0,0
"Cell1145",0,1,0,0
"Cell1146",0,1,0,0
"Cell1147",0,0,0,1
"Cell1148",1,0,0,0
"Cell1149",0,1,0,0
"Cell1150",1,0,0,0
"Cell1151",0,0,1,0
"Cell1152",0,0,1,0
"Cell1153",1,0,0,0
"Cell1154",1,0,0,0
"Cell1155",0,1,0,0
"Cell1156",0,1,0,0
"Cell1157",0,0,1,0
"Cell1158",0,0,1,0
"Cell1159",1,0,0,0
"Cell1160",0,0,0,1
"Cell1161",0,1,0,0
"Cell1162",0,0,0,1
"Cell1163",0,0,1,0
"Cell1164",1,0,0,0
"Cell1165",0,0,1,0
"Cell1166",0,0,0,1
"Cell1167",0,0,0,1
"Cell1168",1,0,0,0
"Cell1169",0,0,1,0
"Cell1170",0,0,1,0
"Cell1171",0,0,1,0
"Cell1172",0,0,0,1
"Cell1173",0,1,0,0
"Cell1174",0,0,0,1
"Cell1175",1,0,0,0
"Cell1176",0,1,0,0
"Cell1177",0,1,0,0
"Cell1178",0,1,0,0
"Cell1179",1,0,0,0
"Cell1180",0,0,1,0
"Cell1181",0,1,0,0
"Cell1182",1,0,0,0
"Cell1183",0,1,0,0
"Cell1184",0,0,0,1
"Cell1185",1,0,0,0
"Cell1186",1,0,0,0
"Cell1187",1,0,0,0
"Cell1188",0,0,1,0
"Cell1189",0,0,1,0
"Cell1190",1,0,0,0
"Cell1191",0,0,0,1
"Cell1192",0,0,0,1
"Cell1193",0,0,0,1
"Cell1194",0,0,1,0
"Cell1195",0,0,1,0
"Cell1196",0,1,0,0
"Cell1197",0,1,0,0
"Cell1198",1,0,0,0
"Cell1199",0,0,0,1
"Cell1200",0,1,0,0
"Cell1201",0,0,1,0
"Cell1202",1,0,0,0
"Cell1203",1,0,0,0
"Cell1204",0,0,0,1
"Cell1205",0,0,1,0
"Cell1206",0,0,0,1
"Cell1207",0,1,0,0
"Cell1208",0,0,0,1
"Cell1209",0,0,0,1
"Cell1210",0,0,1,0
"Cell1211",0,0,0,1
"Cell1212",0,0,1,0
"Cell1213",0,1,0,0
"Cell1214",0,0,1,0
"Cell1215",0,0,1,0
"Cell1216",0,0,0,1
"Cell1217",0,1,0,0
"Cell1218",1,0,0,0
"Cell1219",0,0,1,0
"Cell1220",0,0,0,1
"Cell1221",0,0,0,1
"Cell1222",0,0,0,1
"Cell1223",0,0,0,1
"Cell1224",1,0,0,0
"Cell1225",0,0,0,1
"Cell1226",1,0,0,0
"Cell1227",1,0,0,0
"Cell1228",1,0,0,0
"Cell1229",1,0,0,0
"Cell1230",1,0,0,0
"Cell1231",1,0,0,0
"Cell1232",0,0,0,1
"Cell1233",0,1,0,0
"Cell1234",0,1,0,0
"Cell1235",0,1,0,0
"Cell1236",1,0,0,0
"Cell1237",0,0,0,1
"Cell1238",1,0,0,0
"Cell1239",0,0,1,0
"Cell1240",0,0,1,0
"Cell1241",0,0,0,1
"Cell1242",0,0,0,1
"Cell1243",1,0,0,0
"Cell1244",0,0,0,1
"Cell1245",0,0,1,0
"Cell1246",1,0,0,0
"Cell1247",0,0,1,0
"Cell1248",1,0,0,0
"Cell1249",0,0,1,0
"Cell1250",0,1,0,0
"Cell1251",0,0,1,0
"Cell1252",0,1,0,0
"Cell1253",0,1,0,0
"Cell1254",0,0,1,0
"Cell1255",0,1,0,0
"Cell1256",0,1,0,0
"Cell1257",0,0,1,0
"Cell1258",0,0,0,1
"Cell1259",0,0,1,0
"Cell1260",0,0,1,0
"Cell1261",1,0,0,0
"Cell1262",0,1,0,0
"Cell1263",0,1,0,0
"Cell1264",0,0,1,0
"Cell1265",0,1,0,0
"Cell1266",0,0,0,1
"Cell1267",0,0,0,1
"Cell1268",1,0,0,0
"Cell1269",1,0,0,0
"Cell1270",0,0,1,0
"Cell1271",0,1,0,0
"Cell1272",0,0,0,1
"Cell1273",0,0,0,1
"Cell1274",1,0,0,0
"Cell1275",0,1,0,0
"Cell1276",0,0,1,0
"Cell1277",0,0,1,0
"Cell1278",0,1,0,0
"Cell1279",0,0,1,0
"Cell1280",0,0,1,0
